Columns üèõÔ∏è:RT @Domestic_Maid: Bowser in the Smash Bros Ultimate pose, 2D style. Fear him! 
#SuperSmashBrosUltimate #SSBU #Nintendo #FANART https://t.‚Ä¶
Mr. Ketch:RT @Domestic_Maid: Bowser in the Smash Bros Ultimate pose, 2D style. Fear him!
#SuperSmashBrosUltimate #SSBU #Nintendo #FANART https://t.‚Ä¶
trifly:RT @Domestic_Maid: Bowser in the Smash Bros Ultimate pose, 2D style. Fear him!
#SuperSmashBrosUltimate #SSBU #Nintendo #FANART https://t.‚Ä¶
Mightii:RT @Domestic_Maid: Bowser in the Smash Bros Ultimate pose, 2D style. Fear him!
#SuperSmashBrosUltimate #SSBU #Nintendo #FANART https://t.‚Ä¶
Junebug70:RT @Domestic_Maid: Bowser in the Smash Bros Ultimate pose, 2D style. Fear him!
#SuperSmashBrosUltimate #SSBU #Nintendo #FANART https://t.‚Ä¶
Gio~Setsuna:RT @Domestic_Maid: Bowser in the Smash Bros Ultimate pose, 2D style. Fear him!
#SuperSmashBrosUltimate #SSBU #Nintendo #FANART https://t.‚Ä¶
‡∏£‡∏¨:RT @Domestic_Maid: Bowser in the Smash Bros Ultimate pose, 2D style. Fear him!
#SuperSmashBrosUltimate #SSBU #Nintendo #FANART https://t.‚Ä¶
Capi:RT @Domestic_Maid: Bowser in the Smash Bros Ultimate pose, 2D style. Fear him!
#SuperSmashBrosUltimate #SSBU #Nintendo #FANART https://t.‚Ä¶
DepressEdd:RT @Domestic_Maid: Bowser in the Smash Bros Ultimate pose, 2D style. Fear him!
#SuperSmashBrosUltimate #SSBU #Nintendo #FANART https://t.‚Ä¶
nutt:RT @Domestic_Maid: Bowser in the Smash Bros Ultimate pose, 2D style. Fear him!
#SuperSmashBrosUltimate #SSBU #Nintendo #FANART https://t.‚Ä¶
üéôSE | LannyVA:RT @Domestic_Maid: Bowser in the Smash Bros Ultimate pose, 2D style. Fear him!
#SuperSmashBrosUltimate #SSBU #Nintendo #FANART https://t.‚Ä¶
Super George K. #Kawade4PaperMario:RT @Domestic_Maid: Bowser in the Smash Bros Ultimate pose, 2D style. Fear him!
#SuperSmashBrosUltimate #SSBU #Nintendo #FANART https://t.‚Ä¶
PBTDB:RT @Domestic_Maid: Bowser in the Smash Bros Ultimate pose, 2D style. Fear him!
#SuperSmashBrosUltimate #SSBU #Nintendo #FANART https://t.‚Ä¶
MauricioN64:RT @Domestic_Maid: Bowser in the Smash Bros Ultimate pose, 2D style. Fear him!
#SuperSmashBrosUltimate #SSBU #Nintendo #FANART https://t.‚Ä¶
ùïûùïíùï£ùïöùï§ùï§ùïí:RT @Domestic_Maid: Bowser in the Smash Bros Ultimate pose, 2D style. Fear him!
#SuperSmashBrosUltimate #SSBU #Nintendo #FANART https://t.‚Ä¶
NatanZ:RT @Domestic_Maid: Bowser in the Smash Bros Ultimate pose, 2D style. Fear him!
#SuperSmashBrosUltimate #SSBU #Nintendo #FANART https://t.‚Ä¶
middlethought_:RT @Domestic_Maid: Bowser in the Smash Bros Ultimate pose, 2D style. Fear him!
#SuperSmashBrosUltimate #SSBU #Nintendo #FANART https://t.‚Ä¶
üò∑ Kewpie‚Ñ¢ | Memento Mori ‚åõ:RT @Domestic_Maid: Bowser in the Smash Bros Ultimate pose, 2D style. Fear him!
#SuperSmashBrosUltimate #SSBU #Nintendo #FANART https://t.‚Ä¶
Nathan Silver:RT @Domestic_Maid: Bowser in the Smash Bros Ultimate pose, 2D style. Fear him!
#SuperSmashBrosUltimate #SSBU #Nintendo #FANART https://t.‚Ä¶
CorpseSyndrome:RT @Domestic_Maid: Bowser in the Smash Bros Ultimate pose, 2D style. Fear him!
#SuperSmashBrosUltimate #SSBU #Nintendo #FANART https://t.‚Ä¶
Carlos:RT @Domestic_Maid: Bowser in the Smash Bros Ultimate pose, 2D style. Fear him!
#SuperSmashBrosUltimate #SSBU #Nintendo #FANART https://t.‚Ä¶
Brandon D.:RT @Domestic_Maid: Bowser in the Smash Bros Ultimate pose, 2D style. Fear him!
#SuperSmashBrosUltimate #SSBU #Nintendo #FANART https://t.‚Ä¶
‚òÜ Sketchy:RT @Domestic_Maid: Bowser in the Smash Bros Ultimate pose, 2D style. Fear him!
#SuperSmashBrosUltimate #SSBU #Nintendo #FANART https://t.‚Ä¶
Bowser Tiran üëìüî•üê¢:RT @Domestic_Maid: Bowser in the Smash Bros Ultimate pose, 2D style. Fear him!
#SuperSmashBrosUltimate #SSBU #Nintendo #FANART https://t.‚Ä¶
Metadog #BLM:RT @Domestic_Maid: Bowser in the Smash Bros Ultimate pose, 2D style. Fear him!
#SuperSmashBrosUltimate #SSBU #Nintendo #FANART https://t.‚Ä¶
üçÇ Ranq üçÇ:RT @Domestic_Maid: Bowser in the Smash Bros Ultimate pose, 2D style. Fear him!
#SuperSmashBrosUltimate #SSBU #Nintendo #FANART https://t.
FPT Jamie Williams:RT @Domestic_Maid: Bowser in the Smash Bros Ultimate pose, 2D style. Fear him!
#SuperSmashBrosUltimate #SSBU #Nintendo #FANART https://t.‚Ä¶
blitzy:RT @Domestic_Maid: Bowser in the Smash Bros Ultimate pose, 2D style. Fear him!
#SuperSmashBrosUltimate #SSBU #Nintendo #FANART https://t.‚Ä¶
GreenSpade:RT @Domestic_Maid: Bowser in the Smash Bros Ultimate pose, 2D style. Fear him! 
#SuperSmashBrosUltimate #SSBU #Nintendo #FANART https://t.‚Ä¶
Doolan:RT @Domestic_Maid: Bowser in the Smash Bros Ultimate pose, 2D style. Fear him!
#SuperSmashBrosUltimate #SSBU #Nintendo #FANART https://t.‚Ä¶
Noob & Co.:RT @Domestic_Maid: Bowser in the Smash Bros Ultimate pose, 2D style. Fear him!
#SuperSmashBrosUltimate #SSBU #Nintendo #FANART https://t.‚Ä¶
Tia James:RT @Domestic_Maid: Bowser in the Smash Bros Ultimate pose, 2D style. Fear him!
#SuperSmashBrosUltimate #SSBU #Nintendo #FANART https://t.‚Ä¶
üëÅSTATICüëÅ:RT @Domestic_Maid: Bowser in the Smash Bros Ultimate pose, 2D style. Fear him!
#SuperSmashBrosUltimate #SSBU #Nintendo #FANART https://t.‚Ä¶
Harry:Update on my SSBU tier project: Lvl. 9 wins with Yoshi, Kirby, Capt. Falcon, Toon Link, Zero Suit Samus, Pokemon Trainer, Chrom, King Dedede, Bowser, Mr. Game &amp; Watch, Lucario, R.O.B., Duck Hunt Duo, Bowser Jr., Little Mac and bloody Wii-Fit Trainer so far üî• https://t.co/6cqlyrqm0U
üêëüçÅüéÉ Calciumüç¨üçÇüêë:RT @Domestic_Maid: Bowser in the Smash Bros Ultimate pose, 2D style. Fear him!
#SuperSmashBrosUltimate #SSBU #Nintendo #FANART https://t.‚Ä¶
Arashi ‚ö°Ô∏è #BLM:RT @Domestic_Maid: Bowser in the Smash Bros Ultimate pose, 2D style. Fear him!
#SuperSmashBrosUltimate #SSBU #Nintendo #FANART https://t.‚Ä¶
It's Totally Mikoto Time!:RT @Domestic_Maid: Bowser in the Smash Bros Ultimate pose, 2D style. Fear him!
#SuperSmashBrosUltimate #SSBU #Nintendo #FANART https://t.‚Ä¶
PM | Massoud98 (God of RNG):RT @Domestic_Maid: Bowser in the Smash Bros Ultimate pose, 2D style. Fear him! 
#SuperSmashBrosUltimate #SSBU #Nintendo #FANART https://t.‚Ä¶
TheTexasDragonScale2001:RT @Domestic_Maid: Bowser in the Smash Bros Ultimate pose, 2D style. Fear him!
#SuperSmashBrosUltimate #SSBU #Nintendo #FANART https://t.‚Ä¶
Pachelf:RT @Domestic_Maid: Bowser in the Smash Bros Ultimate pose, 2D style. Fear him!
#SuperSmashBrosUltimate #SSBU #Nintendo #FANART https://t.‚Ä¶
Antonio:@Arashi_SSBU top tier gatekeeper, like maybe 5th or 6th best in high tier. i usually put him next to characters like game and watch, bowser, and rob
Pike:RT @Domestic_Maid: Bowser in the Smash Bros Ultimate pose, 2D style. Fear him!
#SuperSmashBrosUltimate #SSBU #Nintendo #FANART https://t.‚Ä¶
Joshua-Shane Vis:RT @Domestic_Maid: Bowser in the Smash Bros Ultimate pose, 2D style. Fear him!
#SuperSmashBrosUltimate #SSBU #Nintendo #FANART https://t.‚Ä¶
SULRoY hasn‚Äôt heard any christmas music yet:RT @Domestic_Maid: Bowser in the Smash Bros Ultimate pose, 2D style. Fear him!
#SuperSmashBrosUltimate #SSBU #Nintendo #FANART https://t.‚Ä¶
üåä rocobae üêä:RT @Domestic_Maid: Bowser in the Smash Bros Ultimate pose, 2D style. Fear him!
#SuperSmashBrosUltimate #SSBU #Nintendo #FANART https://t.‚Ä¶
SpyroGaming:RT @Domestic_Maid: Bowser in the Smash Bros Ultimate pose, 2D style. Fear him!
#SuperSmashBrosUltimate #SSBU #Nintendo #FANART https://t.‚Ä¶
Caroline:RT @Domestic_Maid: Bowser in the Smash Bros Ultimate pose, 2D style. Fear him!
#SuperSmashBrosUltimate #SSBU #Nintendo #FANART https://t.‚Ä¶
No:RT @Domestic_Maid: Bowser in the Smash Bros Ultimate pose, 2D style. Fear him!
#SuperSmashBrosUltimate #SSBU #Nintendo #FANART https://t.‚Ä¶
Saturn Valley in November:RT @Domestic_Maid: Bowser in the Smash Bros Ultimate pose, 2D style. Fear him!
#SuperSmashBrosUltimate #SSBU #Nintendo #FANART https://t.‚Ä¶
killerdragon558 wants u to WEAR A MASK:RT @Domestic_Maid: Bowser in the Smash Bros Ultimate pose, 2D style. Fear him!
#SuperSmashBrosUltimate #SSBU #Nintendo #FANART https://t.‚Ä¶
Lord Eternal:RT @Domestic_Maid: Bowser in the Smash Bros Ultimate pose, 2D style. Fear him!
#SuperSmashBrosUltimate #SSBU #Nintendo #FANART https://t.‚Ä¶
Arnahunas BLM & Wear A Mask:RT @Domestic_Maid: Bowser in the Smash Bros Ultimate pose, 2D style. Fear him!
#SuperSmashBrosUltimate #SSBU #Nintendo #FANART https://t.‚Ä¶
ùóßùóøùóÆùó∞ùó∏ùó†ùóÆùòÄùòÅùó≤ùóø ùó°ùó≤ùó± #BLM:RT @Domestic_Maid: Bowser in the Smash Bros Ultimate pose, 2D sty              le. Fear him!
#SuperSmashBrosUltimate #SSBU #Nintendo #FANART https://t.‚Ä¶
JoJo123 (CEO of Billy Whizz):RT @Domestic_Maid: Bowser in the Smash Bros Ultimate pose, 2D style. Fear him!
#SuperSmashBrosUltimate #SSBU #Nintendo #FANART https://t.‚Ä¶
Aster:RT @Domestic_Maid: Bowser in the Smash Bros Ultimate pose, 2D style. Fear him!
#SuperSmashBrosUltimate #SSBU #Nintendo #FANART https://t.‚Ä¶
Lydia:RT @Domestic_Maid: Bowser in the Smash Bros Ultimate pose, 2D style. Fear him!
#SuperSmashBrosUltimate #SSBU #Nintendo #FANART https://t.‚Ä¶
JKoopa:RT @Domestic_Maid: Bowser in the Smash Bros Ultimate pose, 2D style. Fear him!
#SuperSmashBrosUltimate #SSBU #Nintendo #FANART https://t.‚Ä¶
ÎßåÌÉÄÏñë:RT @Domestic_Maid: Bowser in the Smash Bros Ultimate pose, 2D style. Fear him!
#SuperSmashBrosUltimate #SSBU #Nintendo #FANART https://t.‚Ä¶
Darkon:RT @Domestic_Maid: Bowser in the Smash Bros Ultimate pose, 2D style. Fear him!
#SuperSmashBrosUltimate #SSBU #Nintendo #FANART https://t.‚Ä¶
Jo√£o Victor Artigas:RT @Domestic_Maid: Bowser in the Smash Bros Ultimate pose, 2D style. Fear him!
#SuperSmashBrosUltimate #SSBU #Nintendo #FANART https://t.‚Ä¶
Solstar:RT @Domestic_Maid: Bowser in the Smash Bros Ultimate pose, 2D style. Fear him!
#SuperSmashBrosUltimate #SSBU #Nintendo #FANART https://t.‚Ä¶
Jesus (Joestar) Renteria Œ∂‚É†:RT @Domestic_Maid: Bowser in the Smash Bros Ultimate pose, 2D style. Fear him!
#SuperSmashBrosUltimate #SSBU #Nintendo #FANART https://t.‚Ä¶
AlphaDragonQueen|BLM:RT @Domestic_Maid: Bowser in the Smash Bros Ultimate pose, 2D style. Fear him!
#SuperSmashBrosUltimate #SSBU #Nintendo #FANART https://t.‚Ä¶
helplessleaf:RT @Domestic_Maid: Bowser in the Smash Bros Ultimate pose, 2D style. Fear him!
#SuperSmashBrosUltimate #SSBU #Nintendo #FANART https://t.‚Ä¶
frying pan man:RT @Domestic_Maid: Bowser in the Smash Bros Ultimate pose, 2D style. Fear him!
#SuperSmashBrosUltimate #SSBU #Nintendo #FANART https://t.‚Ä¶
ùì¢ùì∏ùìªùì™üç£üéÆüè≥Ô∏è‚Äçüåà:RT @Domestic_Maid: Bowser in the Smash Bros Ultimate pose, 2D style. Fear him!
#SuperSmashBrosUltimate #SSBU #Nintendo #FANART https://t.‚Ä¶
The Fool‚Äôs Frost, now in love at Best Buy:RT @Domestic_Maid: Bowser in the Smash Bros Ultimate pose, 2D style. Fear him!
#SuperSmashBrosUltimate #SSBU #Nintendo #FANART https://t.‚Ä¶
„ÇÜ„Åã„Å°„ÇÉ„Çì@12Êúà10Êó•„Åã„Çâ11Êó•„Åæ„Åß‰ΩéÊµÆ‰∏ä:RT @Domestic_Maid: Bowser in the Smash Bros Ultimate pose, 2D style. Fear him!
#SuperSmashBrosUltimate #SSBU #Nintendo #FANART https://t.‚Ä¶
SiliconMage:RT @Domestic_Maid: Bowser in the Smash Bros Ultimate pose, 2D style. Fear him!
#SuperSmashBrosUltimate #SSBU #Nintendo #FANART https://t.‚Ä¶
ZarexWolf #Agumon4Smash #Talbain4Smash#Akira4Smash:RT @Domestic_Maid: Bowser in the Smash Bros Ultimate pose, 2D style. Fear him!
#SuperSmashBrosUltimate #SSBU #Nintendo #FANART https://t.‚Ä¶
Jacob #SoraForSmashDLC:RT @Domestic_Maid: Bowser in the Smash Bros Ultimate pose, 2D style. Fear him!
#SuperSmashBrosUltimate #SSBU #Nintendo #FANART https://t.‚Ä¶
FrankP:RT @Domestic_Maid: Bowser in the Smash Bros Ultimate pose, 2D style. Fear him!
#SuperSmashBrosUltimate #SSBU #Nintendo #FANART https://t.‚Ä¶
Cheese wheel:RT @Domestic_Maid: Bowser in the Smash Bros Ultimate pose, 2D style. Fear him!
#SuperSmashBrosUltimate #SSBU #Nintendo #FANART https://t.‚Ä¶
Paka the Baka:RT @Domestic_Maid: Bowser in the Smash Bros Ultimate pose, 2D style. Fear him!
#SuperSmashBrosUltimate #SSBU #Nintendo #FANART https://t.‚Ä¶
Bobby el panda:RT @Domestic_Maid: Bowser in the Smash Bros Ultimate pose, 2D style. Fear him!
#SuperSmashBrosUltimate #SSBU #Nintendo #FANART https://t.‚Ä¶
Darine #BLM:RT @Domestic_Maid: Bowser in the Smash Bros Ultimate pose, 2D style. Fear him!
#SuperSmashBrosUltimate #SSBU #Nintendo #FANART https://t.‚Ä¶
Water Temple:RT @Domestic_Maid: Bowser in the Smash Bros Ultimate pose, 2D style. Fear him!
#SuperSmashBrosUltimate #SSBU #Nintendo #FANART https://t.‚Ä¶
„Å§„ÇÑ(tsuya):RT @Domestic_Maid: Bowser in the Smash Bros Ultimate pose, 2D style. Fear him!
#SuperSmashBrosUltimate #SSBU #Nintendo #FANART https://t.‚Ä¶
Sun:RT @Domestic_Maid: Bowser in the Smash Bros Ultimate pose, 2D style. Fear him!
#SuperSmashBrosUltimate #SSBU #Nintendo #FANART https://t.‚Ä¶
Thunder:RT @Domestic_Maid: Bowser in the Smash Bros Ultimate pose, 2D style. Fear him!
#SuperSmashBrosUltimate #SSBU #Nintendo #FANART https://t.‚Ä¶
Mrtheamazingdude:RT @Domestic_Maid: Bowser in the Smash Bros Ultimate pose, 2D style. Fear him!
#SuperSmashBrosUltimate #SSBU #Nintendo #FANART https://t.‚Ä¶
Aso ‚ú®:RT @Domestic_Maid: Bowser in the Smash Bros Ultimate pose, 2D style. Fear him!
#SuperSmashBrosUltimate #SSBU #Nintendo #FANART https://t.‚Ä¶
Kristina:RT @Domestic_Maid: Bowser in the Smash Bros Ultimate pose, 2D style. Fear him!
#SuperSmashBrosUltimate #SSBU #Nintendo #FANART https://t.‚Ä¶
RetroGonzalez:RT @Domestic_Maid: Bowser in the Smash Bros Ultimate pose, 2D style. Fear him!
#SuperSmashBrosUltimate #SSBU #Nintendo #FANART https://t.‚Ä¶
Waluigi & Bowser Jr.:RT @Domestic_Maid: Bowser in the Smash Bros Ultimate pose, 2D style. Fear him!
#SuperSmashBrosUltimate #SSBU #Nintendo #FANART https://t.‚Ä¶
KaijuDragonSamuraiü¶ñü¶éüêçüê¢üêäüêâ(Kaiju Revolution):RT @Domestic_Maid: Bowser in the Smash Bros Ultimate pose, 2D style. Fear him!
#SuperSmashBrosUltimate #SSBU #Nintendo #FANART https://t.‚Ä¶
JC | Memento Mori:RT @Domestic_Maid: Bowser in the Smash Bros Ultimate pose, 2D style. Fear him
#SuperSmashBrosUltimate #SSBU #Nintendo #FANART https://t.‚Ä¶
Zen üî•üê¢:RT @Domestic_Maid: Bowser in the Smash Bros Ultimate pose, 2D style. Fear him!
#SuperSmashBrosUltimate #SSBU #Nintendo #FANART https://t.‚Ä¶
‚Å∑Heavens of Hope!:RT @Domestic_Maid: Bowser in the Smash Bros Ultimate pose, 2D style. Fear him! 
#SuperSmashBrosUltimate #SSBU #Nintendo #FANART https://t.‚Ä¶
Chrispy:RT @Domestic_Maid: Bowser in the Smash Bros Ultimate pose, 2D style. Fear him!
#SuperSmashBrosUltimate #SSBU #Nintendo #FANART https://t.‚Ä¶
Cameron:RT @Domestic_Maid: Bowser in the Smash Bros Ultimate pose, 2D style. Fear him!
#SuperSmashBrosUltimate #SSBU #Nintendo #FANART https://t.‚Ä¶
üß°üíöStephenüíöüß°:RT @Domestic_Maid: Bowser in the Smash Bros Ultimate pose, 2D style. Fear him!
#SuperSmashBrosUltimate #SSBU #Nintendo #FANART https://t.‚Ä¶
NikkiCrystal ‚ù§Ô∏è:RT @Domestic_Maid: Bowser in the Smash Bros Ultimate pose, 2D style. Fear him!
#SuperSmashBrosUltimate #SSBU #Nintendo #FANART https://t.‚Ä¶
Wingless (Commissions Open!):RT @Domestic_Maid: Bowser in the Smash Bros Ultimate pose, 2D style. Fear him!
#SuperSmashBrosUltimate #SSBU #Nintendo #FANART https://t.‚Ä¶
MegaToon1234:RT @Domestic_Maid: Bowser in the Smash Bros Ultimate pose, 2D style. Fear him!
#SuperSmashBrosUltimate #SSBU #Nintendo #FANART https://t.‚Ä¶
Daniel Kuiken:RT @Domestic_Maid: Bowser in the Smash Bros Ultimate pose, 2D style. Fear him!
#SuperSmashBrosUltimate #SSBU #Nintendo #FANART https://t.‚Ä¶
marioandsonicfan04 „Éû„É™„Ç™ÔºÜ„ÇΩ„Éã„ÉÉ„ÇØ#Maekawa4Sonic:RT @Domestic_Maid: Bowser in the Smash Bros Ultimate pose, 2D style. Fear him!
#SuperSmashBrosUltimate #SSBU #Nintendo #FANART https://t.‚Ä¶
Nintendood Blue:RT @Domestic_Maid: Bowser in the Smash Bros Ultimate pose, 2D style. Fear him!
#SuperSmashBrosUltimate #SSBU #Nintendo #FANART https://t.‚Ä¶
üíúTehSnokFenüíú üé∑üê¢:RT @Domestic_Maid: Bowser in the Smash Bros Ultimate pose, 2D style. Fear him!
#SuperSmashBrosUltimate #SSBU #Nintendo #FANART https://t.‚Ä¶
Islander Hunter, professional Megan simp:RT @Domestic_Maid: Bowser in the Smash Bros Ultimate pose, 2D style. Fear him!
#SuperSmashBrosUltimate #SSBU #Nintendo #FANART https://t.‚Ä¶