D43L_4_57UFF:Princess peach!, I'm still messing around with markers.
#PrincessPeach #SSBU #art https://t.co/TPG1Pask2R
Maful@ã¯ãªã©ã‚“ã‚­ãƒƒã‚º:RT @Hibiki_416: Yasai Special #ssbu_peach https://t.co/u6jN2SUxM0
mia ğŸ¥±:@tofuHLG daisy
MF Ultra:RT @AbnormaliTee: @CarrotOfWisdom Daisy deserves better
Hibiki*:Yasai Special #ssbu_peach https://t.co/u6jN2SUxM0
Atrocious:@KamuiChrom LET ME KNOW WHEN YOU CAN SO WE CAN DO CHROM V PEACH TO PROVE HOW BAD PEACH IS
mia ğŸ¥±:@MandosGalaxy @ddee_ssbu @itsmonketime @vysdemise @tofuHLG @gersly__ @Eggowastaken @LoveDestr 0yer @AppleWiz1 @Abenxu2 @rapidfalcroy @MixwellSSB @Kona69203506 @10ksmash @UnluckySummer0 @RameiSSBU @Mirco71836553 @coolness0228 @Sevenssb @fruiteyloopz ALSO H
OW IS DAISY TRASH????
Godot:@atro_ssbu Ok Peach Main, top 5 character lookin ass
Atrocious:@EatLivers just seeing this but peach is still trash so I don't see your point NERD
Buff #IVotedSmash:@drayden___ He can hire good security so Peach doesnâ€™t get kidnapped for once
AD | Krozone:@aFx_Punky So peach mains.
Mugsy:@ddee_ssbu YALL PEACH IS SO EASY TO LEARN WTF
Jigglypuff is the greatest character ever!!!!!!!!!:@ddee_ssbu Who in their right mind votes for Peach
You need to understand the complexities of Melee Puff far better than you would have to with a brain dead wifi masher zoner
PT | RedLuigi:@Aen_SSBU You ain't no Mario if you have opinions like this bruh
Marios never turn back on Peach smh
Swidd:@SnipeMastery @ddee_ssbu 2 Peach players in the PGRU 50 and 3 Jigglypuffs in the MPGR, honestly they are pretty even.
mia ğŸ¥±:@trislosherz daisy....?
GBG | Lanman:@ddee_ssbu Glad I'm woke enough to pick Ultimate Peach.
pici/neoprene:@ddee_ssbu People donâ€™t know about optimized ultimate peach movement literally being ridiculous to execute. Jcff, djcff, shjcff,  etc
mia ğŸ¥±:@riddledittle is daisy annoying
Ave!~:@Chito_SSBU They're both beautiful queens but Like
Peach is still better!!!
Pink &gt; Orange
Blonde &gt; Brown
Hearts &gt; Flowers
And I like her personality more, Daisy is still amazing Tho (:
Valloween ğŸ¦‡:@theblumamba @ddee_ssbu I am a Peach player
Blutao é’âœŒğŸ»ğŸ’™:@ddee_ssbu How is peach winning I hate it here
Blutao é’âœŒğŸ»ğŸ’™:@ValToadstool @ddee_ssbu This isnâ€™t true at all, learning her tech is actually the easy part. Itâ€™s her neutral and how to apply the tech thatâ€™s really difficult. I learned her tech very well but I couldnâ€™t do anything with it since I couldnâ€™t actually get a hit. All the peach players would agree btw
0-2 PogU:@trislosherz i dont think i have ever seen a peach player uptilt
Jose Enriquez:@ddee_ssbu Puff is easier in technicalities but requires better fundies in melee peach in ultimate is a little harder but can very ignorant in some matchups
Stunna slave:@ddee_ssbu Peach isn't even hard.
AzLuFa | NRN:@ddee_ssbu @smollfryes There we go, peach is our winner then
Thanks DDee
ÍSmallFry ğŸ£ NRN:@ddee_ssbu @Az_Lu_Fa Peach takes the cake free
mrwaffy:@ddee_ssbu I said puff because inorder to master a character you also have to master the game, which makes peach easier to master imo
ğ•ğ•’ğ•£ğ•šğ•¤ğ•¤ğ•’:RT @hi_im_daisyy: Daisy illustration from the SSBU Poster on the Switch! ğŸŒ¼ https://t       .co/DSJsLpNHSk
fludd:@ddee_ssbu @TasmanianSam @TDT_SCents imo, peach overall is more technically difficult. decision making is where i think puff becomes more complex. with puff being so light, paired with rest being so punishable on whiff, character feels harder to master.  
EnterMystic #RoadtoBestSteve:@ddee_ssbu melee puff is the easiest character in melee to learn. Definitely ult peach
please spare me from this hellish existence:@ddee_ssbu Melee is a harder game in general, but compared to the rest of the cast WITHIN their own game, peach is a lot harder.
Snipe Mastery:@EchidonaAz @ddee_ssbu You played peach right?
Valloween ğŸ¦‡:@rot______ @ddee_ssbu I've mained Peach for 2+ years and I can confidently say she's not that hard
Violet~ (Porygon):@BurnerAcc_0 @ddee_ssbu I thought it was like if the average melee player picked puff and the average ult player picked peach the puff player would have a way easier time than the peach
GRNT | DDee:@kusari_yt Melee puff is the easiest melee character
Peach is like the hardest ultimate character
Sam:@TDT_SCents @ddee_ssbu Yes, but you NEED all of that tech to truly MASTER her. All you need for ultimate Peach is to master float cancelling and good fundamentals/spacing
INK | Echidona:@Nex_SSB @ddee_ssbu and i play ult peach ğŸ˜
aza.:@ValToadstool @ddee_ssbu Peach neutral is def hard to master, slow with little range, you need to have a deep understanding of her mechanics. Thatâ€™s why every random mid tier main is like yeah I bet peach ğŸ˜ she canâ€™t get in haha
tw// bwarkğŸƒ:@ddee_ssbu Peach is breaking your hand
Hobbesbing:@ddee_ssbu Interesting comparison. The easiest high tier in melee vs probably the hardest in ult. I guess just the level of tech and optimization in melee means every character is difficult by most standards. I do understand how people voted peach though float cancel shit is tricky
Valloween ğŸ¦‡:@ddee_ssbu All you need to learn Peach is simple muscle memory
ğŸ¤–JoshinToshğŸ¤– | Venturous now on Webtoon!:RT @hi_im_daisyy: Daisy illustration from the SSBU Poster on the Switch! ğŸŒ¼ https://t.co/DSJsLpNHSk
Twitch (but merry):RT @hi_im_daisyy: Daisy illustration from the SSBU Poster on the Switch! ğŸŒ¼ https://t.co/DSJsLpNHSk
INK | Echidona:@ddee_ssbu what. why is ANYONE voting peach lmao
GRNT | DDee:Who is a more difficult character to master, Melee puff or ultimate peach?
LSP | GH | Dolce ~ ğŸƒğŸ’œ:@amiiboGoddess Imagine Rosalina with Peach's Fair OMG, Rosalina has a pretty good kit of tools still but Rosa with THAT Fair ğŸ‘€ğŸ‘€ğŸ‘€ i dunno.
Aerobics Daisy:âš½ï¸Daisy
âš½ï¸AU portrayal of the Mario Striker Series and Super Smash Bros Daisy
âš½ï¸Pansexual, Peach and Wii Fit Trainer lean
âš½ï¸Olympic level sports lady
âš½ï¸Has some SSBU move changes from incorporating Strikers
ğŸ§¡ğŸ’›ğ™‰ğ™¤ğ™«ğ™–ğŸ’›ğŸ§¡:RT @hi_im_daisyy: Daisy illustration from the SSBU Poster on the Switch! ğŸŒ¼ https:/    /t.co/DSJsLpNHSk
Orb!t ~ Comms Open:Should I learn peach?
Toadsworth Jr. (Lazurite Greenland) ğŸ‡µğŸ‡­:RT @Awesom3Blossom: Thought Iâ€™d post one of my drawings fro  m my old account! This is one of Daisyâ€™s poses from her final smash art in SSBUğŸŒ¼â€¦
GameSensed:Excited to welcome @RazoPch to the Gamesensed community, one of the top Daisy/Peach players in the world. Looking forward to seeing how his VOD reviews &amp; coaching sessions go to help out Smash Ultimate players. You can book him here: https://t.co/04HqIQ40wg https://t.co/aYQnzHW4yx
Adam Dill:RT @hi_im_daisyy: Daisy illustration from the SSBU Poster on the Switch! ğŸŒ¼ https://t.co/DSJsLpNHSk
mia ğŸ¥±:RT @kaebuns: daisy &gt; peach
sorry not sorry
daily princess daisy! ğŸŒ¼âš½ï¸:RT @AmenooCosplay: Daisy!! ğŸŒ¼ğŸŒ¼ğŸŒ¼
I'm so happy we got to have a proper shoot before I started remaking parts of this cosplay ğŸ’•
Princess Daisâ€¦
SmashRacer:RT @hi_im_daisyy: Daisy illustration from the SSBU Poster on the Switch! ğŸŒ¼ https://t.co/DSJsLpNHSk
Cedric#1347:@ddee_ssbu peach
Xenny:RT @hi_im_daisyy: Daisy illustration from the SSBU Poster on the Switch! ğŸŒ¼ https://t.co/DSJsLpNHSk
LiftedSkull:@ddee_ssbu Peach is crazy
ã‚‚ãª:RT @ToastWtfFTW: Young Link MU Chart
I think he's pretty broken now, borderline top 20 or there
- We might beat Gren, Peach, Terry, and Tâ€¦
cheese:RT @hi_im_daisyy: Daisy illustration from the SSBU Poster on the Switch! ğŸŒ¼ https://t.co/DSJsLpNHSk
ONESTAR:RT @hi_im_daisyy: Daisy illustration from the SSBU Poster on the Switch! ğŸŒ¼ https://t.co/DSJsLpNHSk
ğŸğŸ•¸ Randy ğŸ“¼ğŸ‚:RT @hi_im_daisyy: Daisy illustration from the SSBU Poster on the Switch! ğŸŒ¼ https:// t.co/DSJsLpNHSk
LSP | GH | Dolce ~ ğŸƒğŸ’œ:8.- Peach (Super Mario) https://t.co/RFXgGd5MUX
Nerdlord:RT @hi_im_daisyy: Daisy illustration from the SSBU Poster on the Switch! ğŸŒ¼ https://t.co/DSJsLpNHSk
á´›á´€á´›á´›á´‡Ê€á´›á´€á´›sá´œ:RT @hi_im_daisyy: Daisy illustration from the SSBU Poster on the Switch! ğŸŒ¼ https://t.co/DSJsLpNHSk
ğŸŒ¼ DaisyLove ğŸŒ¼:RT @hi_im_daisyy: Daisy illustration from the SSBU Poster on the Switch! ğŸŒ¼ https://t.co/DSJsLpNHSk
Castle Kingsley:RT @hi_im_daisyy: Daisy illustration from the SSBU Poster on the Switch! ğŸŒ¼ https://t.co/DSJsLpNHSk
Doctor Robby ğŸ‡µğŸ‡· ğŸ‘‘:RT @hi_im_daisyy: Daisy illustration from the SSBU Poster on the Switch! ğŸŒ¼ htt  ps://t.co/DSJsLpNHSk
ğŸ¤:RT @hi_im_daisyy: Daisy illustration from the SSBU Poster on the Switch! ğŸŒ¼ https://t.co/DSJsLpNH Sk
ğŸµâœ¨ğŸŒŸHobgoblinğŸŒŸâœ¨ğŸ¶:RT @hi_im_daisyy: Daisy illustration from the SSBU Poster on the Switch! ğŸŒ¼ https://t.co/DSJsLpNHSk
Chibi ğŸŒ¸ğŸ:RT @hi_im_daisyy: Daisy illustration from the SSBU Poster on the Switch! ğŸŒ¼ https://t.co/DSJsLpNHSk
daily princess daisy! ğŸŒ¼âš½ï¸:Daisy illustration from the SSBU Poster on the Switch! ğŸŒ¼ https://t.co/DSJsLpNHSk
Carti B:@Chito_SSBU Daisy is TRASH. Peach is much better! https://t.co/Ybj8fAbhHs
Z:@ddee_ssbu Peach
POWERTRIP:@Chito_SSBU I like Daisy, but as a Georgia resident Iâ€™m legally obligated to pick peach
anubis999ğŸ•Š:@ddee_ssbu learn peach
EdiblePine Plays:@Chito_SSBU Iâ€™m same people, but I still pick daisy sometimes tho ğŸ‘€
Tan:@ddee_ssbu peach then ditto samsora
Z:@ddee_ssbu Peach
youve got:@Chito_SSBU bumblebee peach skin kinda nice thi
ğŸƒğŸ’€â™£ï¸ğŸ–¤viktoriya ivanovna serebryakovğŸ–¤â™¦ï¸â˜ ï¸ğŸƒ:RT @hi_im_daisyy: Daisy victory screen from SSBU on the Switch! ğŸŒ¼ https://t.co/q5aCRMJMKM
Chito and 250 others liked your tweet:People who chooses peach over daisy are the same people that orders cheese pizza.
ğŸ’œ ~ á´˜á´œÉ´á´‹Ê ~ ğŸ’š:@ddee_ssbu @WoahAnton @MatoiStrife I can say that a lot of characters though. Peach is like, low tier without float.
quota:@Ev_SSBU @FireSoul_38 nah peach has no personality don't forget
â˜…SOAP | ThanksEVing ğŸ¦ƒğŸ‚â˜…:@StatusQuo_ta @FireSoul_38 tanned daisy yes but non tanned nah
Adam Dill:RT @hi_im_daisyy: Daisy victory screen from SSBU on the Switch! ğŸŒ¼ https://t.co/q5aCRMJMKM
Pink:RT @Nico_squitter: The smash roster keeps going! Peach, Daisy and Jigglypuff
#ssbu #pokemon https://t.co/mhMXYR7ewm
ğŸ§¡ğŸ’›ğ™‰ğ™¤ğ™«ğ™–ğŸ’›ğŸ§¡:RT @hi_im_daisyy: Daisy victory screen from SSBU on the Switch! ğŸŒ¼ https://t.co/q5a    CRMJMKM
ğŸŒ© Storm ğŸŒ©ğŸ³ï¸â€ğŸŒˆ:RT @chocomiru02: Sailor Peach and Daisy together! https://t.co/CuyI5kiegE
Angry Jiggly:Oh, Peach!!! #SSBU https://t.co/5xWVXsllv0
Maraca Hpey:RT @hi_im_daisyy: Daisy victory screen from SSBU on the Switch! ğŸŒ¼ https://t.co/q5aCRMJMKM
âŠğŸAwesome BlossomğŸâŠ:RT @hi_im_daisyy: Daisy victory screen from SSBU on the Switch! ğŸŒ¼ https://t.co/q5aCRMJMKM
Memetendo:RT @hi_im_daisyy: Daisy victory screen from SSBU on the Switch! ğŸŒ¼ https://t.co/q5aCRMJMKM
â™¡ğŸ€ğŸŒ¸ ğ’«ğ“‡ğ’¾ğ“ƒğ’¸ğ‘’ğ“ˆğ“ˆ ğµğ“ğ‘œğ“ˆğ“ˆğ‘œğ“‚ ğŸŒ¸ğŸ€â™¡:RT @hi_im_daisyy: Daisy victory screen from SSBU on the                Switch! ğŸŒ¼ https://t.co/q5aCRMJMKM
ğŸ€ğŸŒ¸Cupcake Rose //â™¡ğŸ§ğŸŒ¸ğŸ€ @ Thanksgiving ğŸ¦ƒ:RT @hi_im_daisyy: Daisy victory screen from SSBU on the  Switch! ğŸŒ¼ https://t.co/q5aCRMJMKM
ğŸŒ¸Princess PeachyğŸ‡ğŸŒ¸:RT @hi_im_daisyy: Daisy victory screen from SSBU on the Switch! ğŸŒ¼ https://t.co/q5aCRMJMKM
ğŸŒ® Tacospartan04 | DAZY ğŸŒ¼:RT @hi_im_daisyy: Daisy victory screen from SSBU on the Switch! ğŸŒ¼ https://t.co/q5aCRMJMKM
ğŸ’œ Jay ğŸ’œâ€¢ CEO of loving Princess Daisy ğŸŒ¸âœ¨:RT @hi_im_daisyy: Daisy victory screen from SSBU on the Switch! ğŸŒ¼ https://t.co/q5aCRMJMKM