Washed Up | Glazed (Worst greninja in the world):@anubis999_ssbu Also dunno if u pit Jw but yea him too
Enharmonic @ Pikmin 3 DX HYPE:@YaBoiShy_SSBU King K. Rool (blue alt), Lucina (black alt), Pit, and Pac-Man (black alt)
Broco Lee:#SSBU #SuperSmashBrosUltimate #shitpost
Falco : Soooo you have wings, but you can't fly without Palutena ?
Pit : Yeah !
Falco : But Dark Pit can fly on his own... Aren't you like a bad DarkPit copy ?
Pit : ... https://t.co/pzsHZWrM4m
Gabriel Soldier:Pit is watching in front of you ğŸ˜‚ğŸ˜‚ğŸ¤£ğŸ¤£ğŸ¤£
#supersmashbros #supersmashbrothers #supersmashbrosmemes #supersmashbrosultimate #ssbu #ssb #ssb5 #ssbmemes #ssbultimate #ssbultimatememes #smashbros #sm4sh #smashultimate #smashbrothers #smashbrosultimate #thesmashcommunity https://t.co/StYfboAZmB
The farm interactions guy:RT @duocade: The ğ—•ğ—®ğ˜ğ˜ğ—¹ğ—²ğ—°ğ—®ğ—±ğ—² ğ—œğ—»ğ˜ƒğ—¶ğ˜ğ—®ğ˜ğ—¶ğ—¼ğ—»ğ—®ğ—¹ is a Decemb                      er event that will pit multiple #Twitch #streamer crews against one another in a brackeâ€¦
Duocade:The ğ—•ğ—®ğ˜ğ˜ğ—¹ğ—²ğ—°ğ—®ğ—±ğ—² ğ—œğ—»ğ˜ƒğ—¶ğ˜ğ—®ğ˜ğ—¶ğ—¼ğ—»ğ—®ğ—¹ is a December event that will pit multiple                       #Twitch #streamer crews against one another in a bracket-based #SSBU crewbattle #tournament.
Winning streamer will receive $100 worth of gifted subscriptions (20subs). Not too shabby! https://t.co/GSU4gFPjG6
SquirT:@AvacynPit so is pit in or out
Miles/MPH:@Graffiti_ssbu Palu nair would be more inconsistent than Pitâ€™s in his kit, but up air would kill and setup the same things
Connor Gritti:@mph_miles Wait miles do palu nair instead cause you have kill comfirms off of pit uair right?
blue;pickman:@ddee_ssbu Wait... why the pits? I know u despise min min but I didnâ€™t know u hated pit
ğŸ˜:B(r)ad Pit
#BradPitt #SSBU https://t.co/M9zYUBAA36
Xero:@amiiboGoddess So Iâ€™ll swap out Pit side B for Dark Pit Side B
slickkillr | DDDAG#GFDFG | Double SpawnSword | BLM:@ddee_ssbu Whyd you ban my boi Pit!?
Orb!t ~ Comms Open:@LuigiTKO Seeing a lot of Villager, Banjo and Pit
eve (she/her):@ddee_ssbu Last time I tried I got to pit
yuna the sheep:@french_elf_ssbu gonna go threw your window for being a pit main
aoi/hope (lesbean)ğŸ³ï¸â€ğŸŒˆ:@yunathesheep Iâ€™m a pit main
ğŸ¥›milkğŸ¥›:@stevnstuff i used to be like that and then i picked pit and nobody complained ever again lol
HotNuggies420:forgot i had this clip
#SSBU #ssbu_pit https://t.co/hpK3CQYQC5
Shaquille Hawkins:RT @BluStar05: I thought I share this replay that I did with my bro, @RDPHX15 a couple of days ago on Smash Bros. Ultimate. There are alsoâ€¦
Marquille Hawkins:I thought I share this replay that I did with my bro, @RDPHX15 a couple of days ago on Smash Bros. Ultimate. There are also two salt moments here too.
By the way, I'm playing as Ike and my brother is Dark Pit.
Anyway, enjoy!
#SuperSmashBros #SSBU https://t.co/TMborhY5O8
AlphaX @DBFZ:@Ev_SSBU Pit I wish
NL | Eclipse #BLM:@ShiRuBa8th You would grab him as pit lmao
Andie (she/her):RT @biigurutwin: "Halt, Belmont! You are about to face your toughest vampires yet!"
... Not what Simon was expecting on Halloween, in fact,â€¦
ğŸ’®!N00DL3!ğŸ’®:i started playing smash nd i like Pit :] he cant read #ssbu #SuperSmashBrosUltimate https://t.co/GdZD2AcIrK
Josh #Taxx2020:@powdr_ssbu I just literally haven't seen anyone but Dabuz use him and apparently he's playing pit super wrong according to my friend so idk
I never had much confidence in the character and didn't really think he got buffed too much that helped something that wasn't already there
Josh #Taxx2020:@powdr_ssbu I seriously still think pit is garbage, but I know a lot of pit players strongly disagree
ğŸ¥›milkğŸ¥›:@JevorokUlt your pit placement is silly ğŸ˜¶
Michael234:@YaBoiShy_SSBU Hero 6th alt  dark pit 5th alt
AngeIic_ZaIithan:@Mando_SSBU How is pit a furry he's covered in feathers he's literally an angel not a fuckin bird
ãƒˆãƒ¼ã‚¯ãƒ³ãƒ¬ã‚¹ãƒ”ã‚¨ãƒ­ğŸ€„*:@Arashi_SSBU Dang, my 20,20 following tho
Ill pit them in a list
Miles/MPH:@ddee_ssbu Pits win slightly. Dark Pit does do better though.
seÃ±or snickolas:RT @Vinqou: Pit :D
I tried something with more movement
#ssbu #pit #KidIcarus #art https://t.co/JJli0WnmUm
Lokoman82delta:RT @Vinqou: Pit :D
I tried something with more movement
#ssbu #pit #KidIcarus #art https://t.co/JJli0WnmUm
EquoBlast:RT @Vinqou: Pit :D
I tried something with more movement
#ssbu #pit #KidIcarus #art https://t.co/JJli0WnmUm
Vinny ~:Pit :D
I tried something with more movement
#ssbu #pit #KidIcarus #art https://t.co/JJli0WnmUm
ÊŸá´œá´„á´€É´Éªá´„ #blm:@ddee_ssbu I play cloud, mario, belmonts, wolf, and pit, I can't convince shit
Daniel Palmer:@ddee_ssbu Dark pit.
Does anything buff my main?
Sul:RT @GuilhermeRM_art: Part 4 of the Smash Bros. Persona series. Pit and Robin
#Smashbros #Persona https://t.co/X79rnTBMzt
Chaos:@ddee_ssbu Pit's too honest
PLEASEEE CHECK PIN I WANNA DO DOUBLESSSS:@NeosSSBU not true ;-;
I mean im sure everyone does but I pocket pit and ive played good pit players
i just dont see it LOL
OD | Neos (ONLY A THANKFUL):@Mando_SSBU No, no we are not done putting lucina in top 10 because that charcter is broken
And what is pit doin down there?
ã‚µãƒˆã‚¦:RT @RaZe_SSB: So found out backthrow &gt; dtilt is actually true and non-diable on alot of the cast just REALLY tight ğŸ¤”
#SSBU_PIT #SSBU_DPIT hâ€¦