LSG | Niko:@VedhanNPL where my wario man
Disable:@Truth_Wario Bro the dude wakes up at 1am from naps to play Smash like damn bro if you're waking up this early you better be grinding for that bag
Truth @Quarantine:@Disable_SSBU Itâ€™s his witching hour
Buff #IVotedSmash:@NubbyBair I agree with a lot of this but what makes Wario a solid +1 for mario?
Wario B:@Orb1t_SSBU Bowser
Slamuel:RT @BenelopAlmendra: Been Waiting for this Movie to Came Out Since forever i wish it Happens One Day.
Epic The Puppet Master Movie Gd Nghtâ€¦
Benelope Almendra:Been Waiting for this Movie to Came Out Since forever i wish it Happens One Day.
Epic The Puppet Master Movie Gd Nght PstğŸ’—
#SSBU #ThePuppetMasterMovie #Samus #Mario #Luigi #Wario https://t.co/L71WJfvNJ1
ã¹ã‚‰ã‚“/Beran:RT @GlutonnySSB: OK HERE IT IS LADIES AND GENTLEMAN !!
Feel free to complain about Wario ğŸ˜‚ https://t.co/JKr9kLfmpe
ã°ã·ãŠ:RT @GlutonnySSB: OK HERE IT IS LADIES AND GENTLEMAN !!
Feel free to complain about Wario ğŸ˜‚ https://t.co/JKr9kLfmpe
Filler PFP:Anyone on this study ever played SSBU Quickplay as Wario? https://t.co/LLHfH7yclN
HW Sucks:RT @GlutonnySSB: OK HERE IT IS LADIES AND GENTLEMAN !!
Feel free to complain about Wario ğŸ˜‚ https://t.co/JKr9kLfmpe
Truth @Quarantine:@Kojakx_ @Disable_SSBU I fucked up the last part and tried to fix it but he didnâ€™t bring it back
Truly a regret of mine Iâ€™ll never take back
Truth @Quarantine:@Disable_SSBU Iâ€™ve got so much left to say
Disable:@Truth_Wario you forgot the "left" bro
you fucked it up
Disable:@Truth_Wario Hey there Delilah
Truth @Quarantine:@Disable_SSBU My word is good
Disable:@Truth_Wario We'll have the life we knew we would
Truth @Quarantine:@Disable_SSBU Weâ€™ll have it good
Disable:@Truth_Wario Someday I'll pay the bills with this guitar
Truth @Quarantine:@Disable_SSBU But just believe me, girl
Disable:@Truth_Wario I know times are gettin' hard
Truth @Quarantine:@Disable_SSBU Hey there, Delilah
Disable:@Truth_Wario What you do to me
Truth @Quarantine:@Disable_SSBU Oh, itâ€™s what you do to me
Disable:@Truth_Wario Oh, it's what you do to me
Truth @Quarantine:@Disable_SSBU Oh, itâ€™s what you do to me
Disable:@Truth_Wario Oh, it's what you do to me
Truth @Quarantine:@Disable_SSBU Iâ€™m by your side
Disable:@Truth_Wario Listen to my voice it's my disguise
Truth @Quarantine:@Disable_SSBU Close your eyes
Disable:@Truth_Wario Give this song another listen
Truth @Quarantine:@Disable_SSBU Iâ€™m right there if you get lonely
Disable:@Truth_Wario Don't you worry about the distance
Truth @Quarantine:@Disable_SSBU Hey there, Delilah
Disable:@Truth_Wario I swear it's true
Truth @Quarantine:@Disable_SSBU Time square canâ€™t shine as bright as you
Disable:@Truth_Wario Yes you do
Truth @Quarantine:@Disable_SSBU But girl tonight you look pretty
Disable:@Truth_Wario I'm a thousand miles away
Truth @Quarantine:@Disable_SSBU Whatâ€™s it like in New York City?
Truth @Quarantine:@Disable_SSBU @MrTuxedo12 LMFAOOOO
Puni$hed MaÃ­z:@buff_ssbu Wario?
Buff #IVotedSmash:@Woopermann ah
imo rob is definitely inkling's worst mus and some of her losing mus are pika, shulk, paisy, mario, pac, yoshi, samus, fox and maybe wario
anubis999ğŸ•Š:@Mr_NairSSB lowest i can see him is behind wario https://t.co/MoUNCAnbov
LC | Anton:@aFx_Punky @ddee_ssbu @MatoiStrife He would still be very good, probably high tier still. But since you wanna talk about removing a move, what would you replace it with?
Wario overall is a very good character.
ğŸ’œ ~ á´˜á´œÉ´á´‹Ê ~ ğŸ’š:@WoahAnton @ddee_ssbu @MatoiStrife Would Wario still be considered by most top tier without waft?
LC | Anton:@aFx_Punky @ddee_ssbu @MatoiStrife Wario is pretty far removed from a gimmick character.
You know when he's gonna get waft AND he doesn't need it to win because he has multiple other routes to rack up damage, trap you, and take stocks.
On top of that, his overall mobility is insanely good, and his normals are too.
â˜…SOAP | ThanksEVing ğŸ¦ƒğŸ‚â˜…:@StatusQuo_ta Wario is one ugly nigga D3 is debatable
Jailien/Jalengu:@ddee_ssbu @GodspeedMario Wario?
GRNT | DDee:@aFx_Punky @MatoiStrife Wario isnâ€™t a gimmick
He has a great solid moveset and even without waft he still has many good tools
Good disadvantage with bike, good speed, etc
Steve doesnâ€™t have much outside of punish game imo
ğŸ’œ ~ á´˜á´œÉ´á´‹Ê ~ ğŸ’š:@ddee_ssbu @MatoiStrife I disagree with saying he's top twenty but can you really count him out because he's a "gimmick" character when we have Wario?
anubis999ğŸ•Š:@Geist_SSB kk. havenâ€™t played ur wario yet lol so we should get some in sometime
Josh #Taxx2020:@anubis999_ssbu Wario, Fox, arguably falco because he just uptilts out of parry and does 70, GnW depending on the move he parried, and that's just off the top of my head
Yeah I didn't have a point but your phrasing was wild with that bruh
HK | LudwigFrog:@anubis999_ssbu Ok and wario can just nair you to death if he has waft at 0% off a parry. And don't tell me down tilt is gonna hit a max spaced shulk bair parried.
HK | LudwigFrog:@anubis999_ssbu Wolf has better air speed. Oh yeah wario has better mobility too.
Bastos:RT @ultimateGin: First to 5 - Gin (Jigglypuff) vs Bastos (Wario) - Next tbd https://t.co/ODQw2Kaadk
LC | Krosshair #BringGoldenSunBack:@realHARTHUR @Phant0mAbat All Abadango asked for was â€œa buffed Warioâ€ and the four of them went overboard LMAO
LC | Krosshair #BringGoldenSunBack:@realHARTHUR @Phant0mAbat Soâ€¦ out of aMSa, Ranai, Earth, and 9B, who do we blame for Wario being the way he is in this game?
Chris:Kameme has a wario why didnt he do it https://t.co/QqW27gMMsc
LC | Krosshair #BringGoldenSunBack:Reject tradition, embrace Wario https://t.co/aPrth3rBRC
Buff #IVotedSmash:Is wario your ideal woman â€” @BrutalRattle NO FUCK YOU https://t.co/KcqBthZyQR
META- PapaCharly:@YaBoiShy_SSBU @TJorgitoh Wario eating lasagna or possibly something warcraft/wow related
GodspeedKK:@ddee_ssbu Halland
Kirby credits
Gladion
Three houses theme
Nostalgic songs like wario ware and Mario theme
Wario B:@YaBoiShy_SSBU Wario 8th alt and king k rool 8th alt would be cool
É…Ì¶eÌ¶tÌ¶hÌ¶ | ãƒ‡ã‚¤ã‚¸ãƒ¼ğŸŒ¼:@Prince_Dave13 But likewise. Didn't think wario would be a fun mu and I never knew wario existed before ya tbh. Now I'm scared of waft everytime I get up tilt by oneğŸ˜‚. Forever grateful for the PTSD  you gave lol
GRNT | DDee:@Ice_killer10549 @___AxelWright Wario
ShRoOm?!?:Guys I need a Wario costume how do I convince my parents to buy me one
anubis999ğŸ•Š:@Geist_SSB what matchups do u use her for instead of wario?
Kojakx @Quarantine:@Truth_Wario @Disable_SSBU iâ€™ll talk to andy about letting me host one ğŸ‘€
Truth @Quarantine:@Disable_SSBU @Kojakx_ PRESS START CHRISTMAS PARTY
If thereâ€™s one, Iâ€™ll be there
Disable:@Truth_Wario @Kojakx_ Damn truth must be hiding an embarrassing snapshot of me at the Christmas party somewhere
Truth @Quarantine:@Kojakx_ @Disable_SSBU True
Mishunz | BLM |:@Truth_Wario @Disable_SSBU Oh my bad I took it as you wanting it down lol. Someone get the one of disable dabbing than
Kojakx @Quarantine:@Truth_Wario @Disable_SSBU but still, my point stands
Truth @Quarantine:@Kojakx_ @Disable_SSBU Heâ€™s lucky Iâ€™m cool with it lol
Truth @Quarantine:@Mishunz_Aiden @Disable_SSBU Nah he can share it idc
This is just one thatâ€™s genuinely cursed lmao
Mishunz | BLM |:@Truth_Wario @Disable_SSBU this is one he didnt send he obviously most likely doesnt want it shared
Truth @Quarantine:@Disable_SSBU But this one is the only one I donâ€™t like
Disable:@Truth_Wario All the cursed Truth images only affect you
Truth @Quarantine:@Disable_SSBU This literally only affects me
Disable:@Truth_Wario Everyone must know
Truth @Quarantine:@Disable_SSBU Oh my god stfu
â˜ƒï¸Nunoâ˜ƒï¸:@IceyRat @GoldenSSBU I think it's Joker &gt; Palu &gt; Pika &gt; Wario &gt; Peach tbh
ğŸ³ï¸â€ğŸŒˆSonicSpikeğŸ³ï¸â€ğŸŒˆ #BlackLivesMatter:RT @Glitch_Plantbro: Wario's infinite is called the "Fart C  hart"
CapitÃ¡n de Capitanes:RT @SilentGodot: If someone misspaces a command grab like Wario's bite or waits for you right at the ledge to grab you or something apparenâ€¦
eve (she/her):@anubis999_ssbu @MickleChrom Whiff punishing can apply to any character, wario excels but I don't think it's enough to give him a top tier neutral
anubis999ğŸ•Š:@SsbuHalcyon @MickleChrom 2 wafts
point is wario doesnâ€™t have to approach so his lack of rage is not a problem at all
anubis999ğŸ•Š:@SsbuHalcyon @MickleChrom he is the best character at camping in the game
he WANTS to be camped and contesting w swords is not a problem with whiff punishing. wario is not a rush down character LMAO
PLEASEEE CHECK PIN I WANNA DO DOUBLESSSS:@RollerOverHere Pika joker palu/wario/peach however u order it, shulk zss PT wolf snake
then
mario sonic lucina
DM 22:@buff_ssbu It might be Wario
LampShady!:@buff_ssbu Wario not lucina lmao
Buff #IVotedSmash:@PFire22 I honestly donâ€™t know what lucinaâ€™s neutral is like but I cant imagine it being worse than warioâ€™s for sure
Pure_Fire22:@buff_ssbu Easily Wario. Lucina might be a distant second worst, but I'm not 100% sure on that.
Buff #IVotedSmash:@Mando_SSBU You really think they have a worse neutral than wario?
Coolness0228:@buff_ssbu probably wario. other contender is probably fox
SeanVGMğŸ¹:@buff_ssbu Wario's matchup spread is awful if you disregard Waft, so probably him
ğŸŒ© Storm ğŸŒ©ğŸ³ï¸â€ğŸŒˆ:@sword_ssb Honestly there's so many good ass characters i keep forgetting they're    mad good and could be like top 15-20 like I forget about Wario and chrom being stupid good alot
McDonald #BLM:@ddee_ssbu Wario lol
Joshua Bell-Ludwig:Dark Link, here!
Pretty nice finish with the bomb!
Dark Link: KiraIkuzYT
Wario: DTay2K
Edit: Was told the first video was too long, and I agreed, so this is a shorter edit.
#SmashBrosUltimate #SmashUltimate #gaming #NintendoSwitch #link #link_ssbu #ssbu #wario #SmashBros https://t.co/AC3Dz5Tofk
Buff #IVotedSmash:@ShotgunSsbu wait you dropped snake and wario?